{
  "model": {
    "type": "minecraft:select",
    "cases": [
      {
        "model": {
          "type": "minecraft:model",
          "model": "hm:item/sharp_stick"
        },
        "when": [
          "gui",
          "ground",
          "fixed"
        ]
      }
    ],
    "fallback": {
      "type": "minecraft:condition",
      "on_false": {
        "type": "minecraft:special",
        "base": "hm:item/sharp_stick_in_hand",
        "model": {
          "type": "hm:sharp_stick"
        }
      },
      "on_true": {
        "type": "minecraft:special",
        "base": "hm:item/sharp_stick_throwing",
        "model": {
          "type": "hm:sharp_stick"
        }
      },
      "property": "minecraft:using_item"
    },
    "property": "minecraft:display_context"
  }
}