{
	"credit": "Made with Blockbench",
	"texture_size": [32, 32],
	"textures": {
		"0": "hm:item/sharp_stick_in_hand",
		"particle": "hm:item/sharp_stick_in_hand"
	},
	"elements": [
		{
			"from": [0, 0, 1],
			"to": [1, 30, 2],
			"rotation": {"angle": 0, "axis": "y", "origin": [0, 15, 1]},
			"faces": {
				"north": {"uv": [0, 0, 0.5, 15], "texture": "#0"},
				"east": {"uv": [0.5, 0, 1, 15], "texture": "#0"},
				"south": {"uv": [1, 0, 1.5, 15], "texture": "#0"},
				"west": {"uv": [1.5, 0, 2, 15], "texture": "#0"},
				"up": {"uv": [4, 1, 3.5, 0.5], "texture": "#0"},
				"down": {"uv": [4, 1, 3.5, 1.5], "texture": "#0"}
			}
		},
		{
			"from": [0, 30, 1],
			"to": [0.5, 32, 1.5],
			"rotation": {"angle": 0, "axis": "y", "origin": [0, 30, 1]},
			"faces": {
				"north": {"uv": [2, 0, 2.5, 1], "texture": "#0"},
				"east": {"uv": [2, 1, 2.5, 2], "texture": "#0"},
				"south": {"uv": [2, 2, 2.5, 3], "texture": "#0"},
				"west": {"uv": [2.5, 0, 3, 1], "texture": "#0"},
				"up": {"uv": [4, 2, 3.5, 1.5], "texture": "#0"},
				"down": {"uv": [2.5, 3.5, 2, 4], "texture": "#0"}
			}
		},
		{
			"from": [0, 30, 1.5],
			"to": [0.5, 31.25, 2],
			"rotation": {"angle": 0, "axis": "y", "origin": [0, 30, 2]},
			"faces": {
				"north": {"uv": [2, 3, 2.5, 3.5], "texture": "#0"},
				"east": {"uv": [3, 2, 3.5, 2.5], "texture": "#0"},
				"south": {"uv": [2.5, 3, 3, 3.5], "texture": "#0"},
				"west": {"uv": [3, 2.5, 3.5, 3], "texture": "#0"},
				"up": {"uv": [3.5, 3.5, 3, 3], "texture": "#0"},
				"down": {"uv": [4, 0, 3.5, 0.5], "texture": "#0"}
			}
		},
		{
			"from": [0.5, 30, 1],
			"to": [1, 31.5, 1.5],
			"rotation": {"angle": 0, "axis": "y", "origin": [1, 30, 2]},
			"faces": {
				"north": {"uv": [2.5, 1, 3, 2], "texture": "#0"},
				"east": {"uv": [2.5, 2, 3, 3], "texture": "#0"},
				"south": {"uv": [3, 0, 3.5, 1], "texture": "#0"},
				"west": {"uv": [3, 1, 3.5, 2], "texture": "#0"},
				"up": {"uv": [4, 2.5, 3.5, 2], "texture": "#0"},
				"down": {"uv": [3, 3.5, 2.5, 4], "texture": "#0"}
			}
		},
		{
			"from": [0.5, 30, 1.5],
			"to": [1, 30.75, 2],
			"rotation": {"angle": 0, "axis": "y", "origin": [1, 30, 3]},
			"faces": {
				"north": {"uv": [3.5, 2.5, 4, 3], "texture": "#0"},
				"east": {"uv": [3, 3.5, 3.5, 4], "texture": "#0"},
				"south": {"uv": [3.5, 3, 4, 3.5], "texture": "#0"},
				"west": {"uv": [3.5, 3.5, 4, 4], "texture": "#0"},
				"up": {"uv": [4.5, 0.5, 4, 0], "texture": "#0"},
				"down": {"uv": [4.5, 0.5, 4, 1], "texture": "#0"}
			}
		}
	],
	"gui_light": "front",
	"display": {
		"thirdperson_righthand": {
			"rotation": [0, 60, 0],
			"translation": [9.5, -8, -1.75]
		},
		"thirdperson_lefthand": {
			"rotation": [0, 60, 0],
			"translation": [2, -8, 11.25]
		},
		"firstperson_righthand": {
			"rotation": [0, -90, 25],
			"translation": [9, -6.25, 0.75]
		},
		"firstperson_lefthand": {
			"rotation": [0, 90, -25],
			"translation": [16, -6.75, 8]
		},
		"ground": {
			"translation": [4, 4, 2],
			"scale": [0.25, 0.25, 0.25]
		},
		"gui": {
			"rotation": [14, -25, -39],
			"translation": [-1, -7.75, 0],
			"scale": [0.65, 0.65, 0.65]
		},
		"head": {
			"translation": [7.5, 14.5, 6.75]
		},
		"fixed": {
			"rotation": [0, 180, -37],
			"translation": [-0.75, -6.25, -5],
			"scale": [0.5, 0.5, 0.5]
		}
	}
}