{
	"credit": "Made with Blockbench",
	"texture_size": [32, 32],
	"textures": {
		"0": "magic:item/crown_of_vigor",
		"particle": "magic:item/crown_of_vigor"
	},
	"elements": [
		{
			"from": [6, 1, 15],
			"to": [7, 6, 16],
			"rotation": {"angle": 0, "axis": "y", "origin": [7, 1, 8]},
			"faces": {
				"north": {"uv": [1.5, 5.5, 2, 8], "texture": "#0"},
				"east": {"uv": [2, 5.5, 2.5, 8], "texture": "#0"},
				"south": {"uv": [2.5, 5.5, 3, 8], "texture": "#0"},
				"west": {"uv": [3, 5.5, 3.5, 8], "texture": "#0"},
				"up": {"uv": [5.5, 2, 5, 1.5], "texture": "#0"},
				"down": {"uv": [6, 1.5, 5.5, 2], "texture": "#0"}
			}
		},
		{
			"from": [9, 0, 15],
			"to": [10, 5, 16],
			"rotation": {"angle": 0, "axis": "y", "origin": [7, 1, 8]},
			"faces": {
				"north": {"uv": [5.5, 3, 6, 5.5], "texture": "#0"},
				"east": {"uv": [3.5, 5.5, 4, 8], "texture": "#0"},
				"south": {"uv": [4, 5.5, 4.5, 8], "texture": "#0"},
				"west": {"uv": [4.5, 5.5, 5, 8], "texture": "#0"},
				"up": {"uv": [6, 6, 5.5, 5.5], "texture": "#0"},
				"down": {"uv": [6.5, 1.5, 6, 2], "texture": "#0"}
			}
		},
		{
			"from": [7.5, 3, 2.5],
			"to": [17.4, 3.5, 3],
			"rotation": {"angle": -45, "axis": "y", "origin": [8, 4, 3]},
			"faces": {
				"north": {"uv": [0, 0, 5, 0.5], "texture": "#0"},
				"east": {"uv": [6, 4, 6.5, 4.5], "texture": "#0"},
				"south": {"uv": [0, 0.5, 5, 1], "texture": "#0"},
				"west": {"uv": [6, 4.5, 6.5, 5], "texture": "#0"},
				"up": {"uv": [5, 1.5, 0, 1], "texture": "#0"},
				"down": {"uv": [5, 1.5, 0, 2], "texture": "#0"}
			}
		},
		{
			"from": [0.5, 3, 9.5],
			"to": [8.5, 3.5, 10],
			"rotation": {"angle": -45, "axis": "y", "origin": [1, 3, 10]},
			"faces": {
				"north": {"uv": [4.5, 2, 8.5, 2.5], "texture": "#0"},
				"east": {"uv": [6, 5, 6.5, 5.5], "texture": "#0"},
				"south": {"uv": [4.5, 2.5, 8.5, 3], "texture": "#0"},
				"west": {"uv": [5.5, 6, 6, 6.5], "texture": "#0"},
				"up": {"uv": [9, 0.5, 5, 0], "texture": "#0"},
				"down": {"uv": [9, 0.5, 5, 1], "texture": "#0"}
			}
		},
		{
			"from": [6.5, 3, 2.6],
			"to": [7, 3.5, 12],
			"rotation": {"angle": -45, "axis": "y", "origin": [7, 3, 4]},
			"faces": {
				"north": {"uv": [6, 5.5, 6.5, 6], "texture": "#0"},
				"east": {"uv": [0, 2, 4.5, 2.5], "texture": "#0"},
				"south": {"uv": [6, 6, 6.5, 6.5], "texture": "#0"},
				"west": {"uv": [0, 2.5, 4.5, 3], "texture": "#0"},
				"up": {"uv": [0.5, 7.5, 0, 3], "texture": "#0"},
				"down": {"uv": [1, 3, 0.5, 7.5], "texture": "#0"}
			}
		},
		{
			"from": [14.5, 3, 9.5],
			"to": [15, 3.5, 17.5],
			"rotation": {"angle": -45, "axis": "y", "origin": [15, 3, 10]},
			"faces": {
				"north": {"uv": [6.5, 1.5, 7, 2], "texture": "#0"},
				"east": {"uv": [1, 5, 5, 5.5], "texture": "#0"},
				"south": {"uv": [6.5, 3, 7, 3.5], "texture": "#0"},
				"west": {"uv": [5, 1, 9, 1.5], "texture": "#0"},
				"up": {"uv": [5.5, 7, 5, 3], "texture": "#0"},
				"down": {"uv": [1.5, 5.5, 1, 9.5], "texture": "#0"}
			}
		},
		{
			"from": [0.5, 3, 9.5],
			"to": [8.5, 3.5, 10],
			"rotation": {"angle": -45, "axis": "y", "origin": [1, 3, 10]},
			"faces": {
				"north": {"uv": [1, 3, 5, 3.5], "texture": "#0"},
				"east": {"uv": [6, 3, 6.5, 3.5], "texture": "#0"},
				"south": {"uv": [1, 3.5, 5, 4], "texture": "#0"},
				"west": {"uv": [6, 3.5, 6.5, 4], "texture": "#0"},
				"up": {"uv": [5, 4.5, 1, 4], "texture": "#0"},
				"down": {"uv": [5, 4.5, 1, 5], "texture": "#0"}
			}
		}
	],
	"display": {
		"thirdperson_righthand": {
			"rotation": [-179.15, -14.76, -173.73],
			"translation": [0.25, 2.75, 0.75],
			"scale": [0.33, 0.33, 0.33]
		},
		"thirdperson_lefthand": {
			"rotation": [-179.91, -10.13, 166.97],
			"translation": [-0.5, 2.5, 1],
			"scale": [0.33, 0.33, 0.33]
		},
		"firstperson_righthand": {
			"rotation": [2, -70, 9],
			"translation": [2.75, 3.25, 0],
			"scale": [0.33, 0.33, 0.33]
		},
		"firstperson_lefthand": {
			"rotation": [2, 2, 0],
			"translation": [1.5, 4, 0],
			"scale": [0.33, 0.33, 0.33]
		},
		"gui": {
			"rotation": [22.13, -31.34, 2.16],
			"translation": [1, 5, 0]
		},
		"head": {
			"rotation": [0, 180, 0],
			"translation": [0, 15, 2],
			"scale": [1.32, 1.32, 1.32]
		},
		"fixed": {
			"rotation": [-40, 126, 0],
			"translation": [-0.75, 3.5, -6.75]
		}
	},
	"groups": [
		{
			"name": "group",
			"origin": [8, 2, 0],
			"color": 0,
			"children": [0, 1, 2, 3, 4, 5, 6]
		}
	]
}