{
	"credit": "Made with Blockbench",
	"texture_size": [64, 64],
	"textures": {
		"0": "magic:item/grimoire_of_souls",
		"particle": "magic:item/grimoire_of_souls"
	},
	"elements": [
		{
			"from": [0, 3, 0],
			"to": [16, 4, 9],
			"rotation": {"angle": 22.5, "axis": "x", "origin": [0, 0, 1]},
			"faces": {
				"north": {"uv": [7, 5, 11, 5.25], "texture": "#0"},
				"east": {"uv": [7, 7, 9.25, 7.25], "texture": "#0"},
				"south": {"uv": [7, 5.25, 11, 5.5], "texture": "#0"},
				"west": {"uv": [7, 7.25, 9.25, 7.5], "texture": "#0"},
				"up": {"uv": [8, 2.25, 4, 0], "texture": "#0"},
				"down": {"uv": [8, 2.25, 4, 4.5], "texture": "#0"}
			}
		},
		{
			"from": [0, -0.1, 9.5],
			"to": [15.99, 0.9, 18.75],
			"rotation": {"angle": -22.5, "axis": "x", "origin": [0, 0, 10]},
			"faces": {
				"north": {"uv": [7, 4.5, 11, 4.75], "texture": "#0"},
				"east": {"uv": [7, 6.5, 9.25, 6.75], "texture": "#0"},
				"south": {"uv": [7, 4.75, 11, 5], "texture": "#0"},
				"west": {"uv": [7, 6.75, 9.25, 7], "texture": "#0"},
				"up": {"uv": [4, 2.25, 0, 0], "texture": "#0"},
				"down": {"uv": [4, 2.25, 0, 4.5], "texture": "#0"}
			}
		},
		{
			"from": [1, 1, 9.5],
			"to": [14.99, 2, 17.5],
			"rotation": {"angle": -22.5, "axis": "x", "origin": [1, 1, 10]},
			"faces": {
				"north": {"uv": [7, 5.5, 10.5, 5.75], "texture": "#0"},
				"east": {"uv": [7, 7.5, 9, 7.75], "texture": "#0"},
				"south": {"uv": [7, 5.75, 10.5, 6], "texture": "#0"},
				"west": {"uv": [7, 7.75, 9, 8], "texture": "#0"},
				"up": {"uv": [3.5, 6.5, 0, 4.5], "texture": "#0"},
				"down": {"uv": [7, 4.5, 3.5, 6.5], "texture": "#0"}
			}
		},
		{
			"from": [1, 1.9, 2],
			"to": [15, 2.9, 10],
			"rotation": {"angle": 22.5, "axis": "x", "origin": [1, 2, 7]},
			"faces": {
				"north": {"uv": [7, 6, 10.5, 6.25], "texture": "#0"},
				"east": {"uv": [8, 0, 10, 0.25], "texture": "#0"},
				"south": {"uv": [7, 6.25, 10.5, 6.5], "texture": "#0"},
				"west": {"uv": [8, 0.25, 10, 0.5], "texture": "#0"},
				"up": {"uv": [3.5, 8.5, 0, 6.5], "texture": "#0"},
				"down": {"uv": [7, 6.5, 3.5, 8.5], "texture": "#0"}
			}
		}
	],
	"display": {
		"thirdperson_righthand": {
			"rotation": [0, 90, 0],
			"translation": [0, 2.5, 0.25],
			"scale": [0.33, 0.33, 0.33]
		},
		"thirdperson_lefthand": {
			"rotation": [0, -90, 0],
			"translation": [0, 2.5, 0.25],
			"scale": [0.33, 0.33, 0.33]
		},
		"firstperson_righthand": {
			"rotation": [23, 90, 19],
			"translation": [3.75, 2.75, 0],
			"scale": [0.33, 0.33, 0.33]
		},
		"firstperson_lefthand": {
			"rotation": [23, -90, -19],
			"translation": [3.75, 2.75, 0],
			"scale": [0.33, 0.33, 0.33]
		},
		"ground": {
			"translation": [0, 4.25, 0]
		},
		"gui": {
			"rotation": [0, 66, 45],
			"translation": [-2, 2.75, 0],
			"scale": [0.75, 0.75, 0.75]
		},
		"head": {
			"rotation": [-23, 0, 0],
			"translation": [0, 13.5, -1.25]
		},
		"fixed": {
			"rotation": [-90, -90, 0],
			"translation": [1, 0, -7.25]
		}
	},
	"groups": [
		{
			"name": "group",
			"origin": [0, 0, 10],
			"color": 0,
			"children": [0, 1, 2, 3]
		}
	]
}