{
	"credit": "Made with Blockbench",
	"textures": {
		"0": "magic:item/soul_shard",
		"particle": "magic:item/soul_shard"
	},
	"elements": [
		{
			"from": [6, 6, 6],
			"to": [10, 10, 10],
			"faces": {
				"north": {"uv": [0, 0, 4, 4], "texture": "#0"},
				"east": {"uv": [0, 4, 4, 8], "texture": "#0"},
				"south": {"uv": [4, 0, 8, 4], "texture": "#0"},
				"west": {"uv": [4, 4, 8, 8], "texture": "#0"},
				"up": {"uv": [4, 12, 0, 8], "texture": "#0"},
				"down": {"uv": [12, 0, 8, 4], "texture": "#0"}
			}
		}
	],
	"display": {
		"thirdperson_righthand": {
			"rotation": [0, 45, 0],
			"translation": [0, 3, 1.5],
			"scale": [0.65, 0.65, 0.65]
		},
		"thirdperson_lefthand": {
			"rotation": [0, 45, 0],
			"translation": [0, 3, 1.5],
			"scale": [0.65, 0.65, 0.65]
		},
		"firstperson_righthand": {
			"rotation": [0, 45, 0],
			"translation": [4.75, 0, 0]
		},
		"firstperson_lefthand": {
			"rotation": [0, 45, 0],
			"translation": [4.75, 0, 0]
		},
		"gui": {
			"rotation": [45, 45, 45],
			"scale": [1.81, 1.81, 1.81]
		},
		"head": {
			"rotation": [0, 45, 0],
			"translation": [0, 9.75, 0]
		},
		"fixed": {
			"translation": [0, 0, -1.5]
		}
	}
}