{
	"credit": "Made with Blockbench",
	"texture_size": [32, 32],
	"textures": {
		"0": "magic:item/worldshaper",
		"particle": "magic:item/worldshaper"
	},
	"elements": [
		{
			"from": [3.5, 0, 6.5],
			"to": [4.5, 3, 7.5],
			"rotation": {"angle": 0, "axis": "z", "origin": [5, 0, 7]},
			"faces": {
				"north": {"uv": [7, 6, 7.5, 7.5], "texture": "#0"},
				"east": {"uv": [0, 7.5, 0.5, 9], "texture": "#0"},
				"south": {"uv": [7.5, 0, 8, 1.5], "texture": "#0"},
				"west": {"uv": [0.5, 7.5, 1, 9], "texture": "#0"},
				"up": {"uv": [1.5, 8, 1, 7.5], "texture": "#0"},
				"down": {"uv": [2, 7.5, 1.5, 8], "texture": "#0"}
			}
		},
		{
			"from": [3.25, 3, 6.25],
			"to": [4.75, 15, 7.75],
			"rotation": {"angle": 0, "axis": "z", "origin": [5, 3, 6]},
			"faces": {
				"north": {"uv": [0, 0, 1, 6], "texture": "#0"},
				"east": {"uv": [1, 0, 2, 6], "texture": "#0"},
				"south": {"uv": [2, 0, 3, 6], "texture": "#0"},
				"west": {"uv": [3, 0, 4, 6], "texture": "#0"},
				"up": {"uv": [5, 8, 4, 7], "texture": "#0"},
				"down": {"uv": [6, 7, 5, 8], "texture": "#0"}
			}
		},
		{
			"from": [3.5, 14, 8.55],
			"to": [4.5, 28, 9.55],
			"rotation": {"angle": 22.5, "axis": "x", "origin": [5, 20, 9]},
			"faces": {
				"north": {"uv": [4, 0, 4.5, 7], "texture": "#0"},
				"east": {"uv": [4.5, 0, 5, 7], "texture": "#0"},
				"south": {"uv": [5, 0, 5.5, 7], "texture": "#0"},
				"west": {"uv": [5.5, 0, 6, 7], "texture": "#0"},
				"up": {"uv": [8, 2, 7.5, 1.5], "texture": "#0"},
				"down": {"uv": [2.5, 7.5, 2, 8], "texture": "#0"}
			}
		},
		{
			"from": [3.6, 16.5, 3.75],
			"to": [4.4, 22.5, 4.75],
			"rotation": {"angle": -45, "axis": "x", "origin": [6, 23, 4]},
			"faces": {
				"north": {"uv": [3, 6, 3.5, 9], "texture": "#0"},
				"east": {"uv": [3.5, 6, 4, 9], "texture": "#0"},
				"south": {"uv": [6, 6, 6.5, 9], "texture": "#0"},
				"west": {"uv": [6.5, 6, 7, 9], "texture": "#0"},
				"up": {"uv": [8, 2.5, 7.5, 2], "texture": "#0"},
				"down": {"uv": [3, 7.5, 2.5, 8], "texture": "#0"}
			}
		},
		{
			"from": [2.5, 23, 4],
			"to": [5.5, 26, 7],
			"rotation": {"angle": 45, "axis": "x", "origin": [2, 23, 7]},
			"faces": {
				"north": {"uv": [0, 6, 1.5, 7.5], "texture": "#0"},
				"east": {"uv": [6, 0, 7.5, 1.5], "texture": "#0"},
				"south": {"uv": [1.5, 6, 3, 7.5], "texture": "#0"},
				"west": {"uv": [6, 1.5, 7.5, 3], "texture": "#0"},
				"up": {"uv": [7.5, 4.5, 6, 3], "texture": "#0"},
				"down": {"uv": [7.5, 4.5, 6, 6], "texture": "#0"}
			}
		},
		{
			"from": [0, 22, 13],
			"to": [1, 23, 14],
			"rotation": {"angle": 22.5, "axis": "z", "origin": [0, 22, 13]},
			"faces": {
				"north": {"uv": [7.5, 2.5, 8, 3], "texture": "#0"},
				"east": {"uv": [7.5, 3, 8, 3.5], "texture": "#0"},
				"south": {"uv": [7.5, 3.5, 8, 4], "texture": "#0"},
				"west": {"uv": [7.5, 4, 8, 4.5], "texture": "#0"},
				"up": {"uv": [8, 5, 7.5, 4.5], "texture": "#0"},
				"down": {"uv": [8, 5, 7.5, 5.5], "texture": "#0"}
			}
		},
		{
			"from": [6, 17, 4],
			"to": [7, 18, 5],
			"rotation": {"angle": 45, "axis": "y", "origin": [6, 17, 4]},
			"faces": {
				"north": {"uv": [7.5, 5.5, 8, 6], "texture": "#0"},
				"east": {"uv": [7.5, 6, 8, 6.5], "texture": "#0"},
				"south": {"uv": [7.5, 6.5, 8, 7], "texture": "#0"},
				"west": {"uv": [7, 7.5, 7.5, 8], "texture": "#0"},
				"up": {"uv": [8, 7.5, 7.5, 7], "texture": "#0"},
				"down": {"uv": [8, 7.5, 7.5, 8], "texture": "#0"}
			}
		},
		{
			"from": [-2, 19, 8],
			"to": [-1, 20, 9],
			"rotation": {"angle": -22.5, "axis": "x", "origin": [-2, 19, 8]},
			"faces": {
				"north": {"uv": [8, 0, 8.5, 0.5], "texture": "#0"},
				"east": {"uv": [8, 0.5, 8.5, 1], "texture": "#0"},
				"south": {"uv": [1, 8, 1.5, 8.5], "texture": "#0"},
				"west": {"uv": [8, 1, 8.5, 1.5], "texture": "#0"},
				"up": {"uv": [2, 8.5, 1.5, 8], "texture": "#0"},
				"down": {"uv": [8.5, 1.5, 8, 2], "texture": "#0"}
			}
		}
	],
	"display": {
		"thirdperson_righthand": {
			"translation": [4, -2.25, 2.5]
		},
		"thirdperson_lefthand": {
			"translation": [-3.75, 0, 2.25]
		},
		"firstperson_righthand": {
			"translation": [5, -4, 0]
		},
		"firstperson_lefthand": {
			"translation": [0, -4, 0]
		},
		"ground": {
			"rotation": [-60, 0, 0],
			"translation": [2.5, 2, -1.5]
		},
		"gui": {
			"rotation": [-71, 47.5, 90],
			"translation": [2.25, -1.5, 0],
			"scale": [0.5, 0.5, 0.5]
		},
		"head": {
			"translation": [0, 4.75, 0]
		},
		"fixed": {
			"rotation": [-82.05, -41.24, -84.7],
			"translation": [-4.5, -3.75, 0],
			"scale": [0.7793, 0.7793, 0.7793]
		}
	},
	"groups": [
		{
			"name": "group",
			"origin": [25, -1, 4],
			"color": 0,
			"children": [0, 1, 2, 3, 4, 5, 6, 7]
		}
	]
}